card_id,customer_id,lastname,firstname,email,address,country
1,123,Joseph,Regan,Quisque.ac@acmattisvelit.org,"P.O. Box 341, 4010 Tempus Road",EU
2,124,Grimes,Nicholas,sit.amet.risus@adipiscingligulaAenean.co.uk,Ap #584-6055 Porttitor Rd.,US
3,125,Holcomb,Armando,consequat.enim.diam@ipsum.ca,"P.O. Box 890, 6865 Id Street",EU
4,126,Cox,Brennan,libero.Donec.consectetuer@sagittissemperNam.ca,4510 Aliquam Road,US
5,127,Chambers,Chaney,egestas.rhoncus@arcuac.ca,370-4696 Scelerisque Av.,US
6,128,Shannon,Keaton,enim.commodo@In.org,978-5093 Vitae Ave,US
7,129,Pena,Zephania,arcu.vel.quam@consectetuer.co.uk,Ap #477-8127 Ipsum Rd.,US
8,130,Rice,Tarik,montes@Mauris.edu,"P.O. Box 279, 796 Ut Road",US
9,131,Faulkner,Unity,molestie.in.tempus@parturientmontesnascetur.ca,9488 Nulla Ave,US
10,132,Stark,Daria,nascetur.ridiculus@acturpis.ca,Ap #213-6118 Ligula. St.,US
11,133,Fleming,Benjamin,nec.tempus@egetmollis.ca,"7369 Id, Ave",US
12,134,Boyer,Aurelia,lobortis.augue.scelerisque@aliquet.ca,546 Nulla Av.,EU
13,135,Conner,Roth,Duis@velpedeblandit.net,"P.O. Box 456, 7458 Quis Road",US
14,136,Nielsen,Mark,est@quisurna.com,842 Mus. St.,US
15,137,Graves,Kelly,Proin.vel.arcu@arcu.co.uk,655-4524 Semper Avenue,EU
16,138,Owen,Kaden,ornare@ut.edu,"P.O. Box 628, 561 Vel, Av.",EU
17,139,Norton,Deirdre,lobortis@metusvitaevelit.com,"P.O. Box 276, 3436 Fusce St.",US
18,140,Higgins,Astra,Proin.vel.nisl@lacus.net,"353-2460 Pede, Av.",US
19,141,Sosa,Jin,ultricies.ligula@ametloremsemper.ca,980-150 Turpis Road,US
20,142,Norman,Igor,aliquam.eros.turpis@lobortis.co.uk,1898 Dui St.,US
21,143,Cote,Ryder,eleifend.non.dapibus@et.com,Ap #222-2751 Ultricies Rd.,EU
22,144,Espinoza,Nash,sed.consequat.auctor@eratvolutpatNulla.net,1058 Mauris Rd.,EU
23,145,Trujillo,Delilah,eget.varius.ultrices@lacusQuisque.net,Ap #461-7500 Vitae Av.,EU
24,146,Williamson,Nelle,nec@vehiculaaliquet.co.uk,Ap #128-8222 Dictum Ave,US
25,147,Daniels,Cyrus,inceptos.hymenaeos.Mauris@lacusNulla.net,619-9572 Aliquam Av.,US
26,148,Craig,Steel,dui.Cum.sociis@metus.org,Ap #111-6418 Tortor Rd.,US
27,149,Clarke,Elmo,non.cursus.non@Mauris.org,9647 Blandit. Road,EU
28,150,Randall,Moses,nisi@temporestac.co.uk,Ap #260-9104 Volutpat Rd.,EU
29,151,Merritt,Ori,Duis.cursus@et.com,"P.O. Box 962, 1535 Enim Rd.",US
30,152,Lancaster,Ava,ante.ipsum@ligula.net,"842-6491 Nec, Rd.",EU
31,153,Brooks,Nita,fermentum@apurusDuis.ca,"P.O. Box 397, 8865 Nibh St.",EU
32,154,Workman,Felix,ac@rhoncusProin.ca,Ap #851-9018 Hendrerit Ave,US
33,155,Stevens,Shad,Duis.dignissim.tempor@tinciduntaliquamarcu.edu,"434-8761 Tincidunt, Av.",US
34,156,Prince,Plato,et.risus.Quisque@Suspendissecommodo.co.uk,"8402 Placerat, Street",EU
35,157,Acosta,Kaitlin,Nam.tempor@nonvestibulumnec.com,909-9475 Vulputate Avenue,US
36,158,Wilson,Garth,turpis@Morbi.org,Ap #829-8465 Nullam Av.,US
37,159,Lowe,Clementine,libero.nec@Utnecurna.com,396-2067 Turpis. St.,EU
38,160,Juarez,Imelda,ultrices.a@magna.com,Ap #897-6104 Risus Av.,US
39,161,Mcfarland,Wanda,dignissim.Maecenas.ornare@luctus.edu,Ap #823-3319 Massa. Rd.,EU
40,162,Boyer,Raphael,leo@etipsum.com,168-3472 Tristique Street,EU
41,163,Snow,Jordan,tellus.Nunc@Duiscursusdiam.net,6792 Porttitor Road,EU
42,164,Villarreal,Lynn,elit.erat.vitae@vellectus.com,Ap #170-4048 Justo. St.,EU
43,165,Mckenzie,Orlando,quis.urna.Nunc@Sed.net,7298 Nunc Road,EU
44,166,Wilkins,Kimberley,dui@vehiculaaliquetlibero.org,151 Vel Rd.,EU
45,167,Richardson,Summer,enim.Sed.nulla@orciPhasellusdapibus.ca,Ap #186-101 Orci Road,EU
46,168,Cooley,Lila,ut@blanditviverraDonec.co.uk,697-4320 Accumsan Ave,US
47,169,Lancaster,Porter,non@nequeNullamnisl.net,"Ap #602-5059 Nec, Avenue",US
48,170,Hardy,Brendan,a.arcu.Sed@aliquetliberoInteger.com,6339 Velit Av.,EU
49,171,Walter,Quinlan,Suspendisse@Sedpharetra.edu,7081 Fringilla Rd.,EU
50,172,Benton,Vernon,Nullam@dictumeleifend.net,6870 Aliquam St.,EU
51,173,Leonard,Irma,eu@adlitora.ca,376-9406 Senectus St.,US
52,174,Hood,Philip,hendrerit.consectetuer.cursus@sagittis.org,Ap #940-1759 Eget Street,US
53,175,Doyle,Bernard,vitae.mauris@elementumduiquis.ca,9740 Nibh. Road,US
54,176,Ward,Arthur,sociis.natoque@pulvinararcu.edu,2780 Erat. Road,EU
55,177,Padilla,Amelia,interdum.Sed.auctor@nullaIntegerurna.net,806 Sit St.,EU
56,178,Silva,Inga,amet@cursusnonegestas.com,"P.O. Box 589, 2455 Sed Avenue",EU
57,179,Watson,Remedios,non.dui.nec@duiFusce.net,"P.O. Box 926, 4220 Inceptos Street",EU
58,180,Strickland,Burton,nascetur.ridiculus@morbi.edu,"P.O. Box 377, 6048 Quam. Street",US
59,181,Beard,Chadwick,lectus.Cum@urnajusto.org,Ap #783-3918 Posuere Rd.,US
60,182,Guzman,Savannah,auctor@aliquamiaculislacus.ca,318-7953 Purus. St.,US
61,183,Lawson,Troy,suscipit.nonummy@gravida.co.uk,Ap #905-8170 Nulla Rd.,US
62,184,Webster,Sebastian,mauris.elit.dictum@magna.com,7205 Purus. St.,US
63,185,Contreras,Xaviera,Vestibulum.ut.eros@CuraeDonec.co.uk,"P.O. Box 542, 2954 Neque St.",US
64,186,Little,Brenden,habitant@vitaealiquam.net,"P.O. Box 517, 3336 Ipsum Rd.",US
65,187,Landry,Shaeleigh,Nunc@feugiatplaceratvelit.net,3139 Rutrum St.,EU
66,188,Burt,Kimberley,magnis.dis.parturient@sedsapien.org,"P.O. Box 157, 2748 Nunc Ave",US
67,189,Lopez,Tanner,ultricies@risus.com,914-9086 Tristique St.,EU
68,190,Edwards,Shana,Proin@Morbiaccumsan.ca,216-3605 Proin Street,EU
69,191,Boyd,Nash,mauris.ut.mi@placerat.co.uk,Ap #497-7183 Enim Avenue,EU
70,192,Griffin,Kadeem,malesuada.ut.sem@tempusnonlacinia.org,"P.O. Box 266, 2099 Sed Street",US
71,193,Bailey,Venus,justo.faucibus.lectus@diam.net,5359 Luctus St.,EU
72,194,Petersen,Timothy,bibendum@nunc.edu,Ap #509-9671 Nulla Av.,US
73,195,Hutchinson,Joel,penatibus.et.magnis@vitae.edu,690-8544 Magna. Rd.,US
74,196,Carson,Candace,eu@Curabiturutodio.com,"5217 Non, St.",US
75,197,Andrews,Leah,vestibulum@eget.org,"P.O. Box 892, 6028 Magnis Street",EU
76,198,Cox,Irene,felis.orci.adipiscing@loremegetmollis.org,"P.O. Box 614, 1860 Auctor Road",US
77,199,Anderson,Carlos,faucibus.orci@nisl.com,Ap #146-7075 Eleifend Street,EU
78,200,Levine,Quon,Mauris@atliberoMorbi.org,"P.O. Box 928, 1085 Nonummy Rd.",US
79,201,Carter,Nomlanga,non@Nunc.net,"946-1208 Pharetra, Av.",US
80,202,Fitzpatrick,Ila,erat.in.consectetuer@duiCumsociis.edu,"P.O. Box 565, 9236 Risus St.",US
81,203,Cox,Salvador,at@mifringillami.org,Ap #660-1543 Nisi. Rd.,US
82,204,Bean,Ryder,dignissim.pharetra@nisl.ca,323-7365 Lacus. Street,US
83,205,Hart,Fritz,consequat.dolor.vitae@turpis.ca,4306 Risus. Road,EU
84,206,Shannon,Ora,massa@etarcuimperdiet.co.uk,7794 Sed St.,US
85,207,Bright,Simone,sem.Nulla.interdum@ante.com,"Ap #872-9320 At, Av.",EU
86,208,Bishop,Mufutau,tellus@orcisemeget.net,Ap #313-549 Non Avenue,US
87,209,Combs,Cynthia,eget@tempusrisusDonec.com,Ap #519-272 Et Av.,US
88,210,Hewitt,Kessie,Cum@justositamet.co.uk,"P.O. Box 438, 9713 A Road",EU
89,211,Wiley,Bradley,elementum@Curabiturdictum.com,1408 Tristique St.,EU
90,212,Vaughn,Jemima,lorem.tristique@arcuvel.ca,Ap #265-1685 Eu St.,US
91,213,Zimmerman,Cheyenne,ornare@enimnectempus.edu,874-6802 Vivamus Rd.,EU
92,214,Walker,Ishmael,dictum.eleifend.nunc@nuncQuisqueornare.org,"Ap #721-7910 Aliquet, Ave",US
93,215,Conway,Slade,nunc@ipsum.org,Ap #422-7148 Imperdiet St.,EU
94,216,Payne,August,Vestibulum@arcueuodio.net,5403 Arcu. St.,US
95,217,Snyder,Keely,non@turpisIncondimentum.edu,7690 Vulputate Street,EU
96,218,Flynn,McKenzie,amet@semperpretium.edu,771-4410 Suspendisse Ave,EU
97,219,Calderon,Ariel,nisl.Nulla.eu@laoreetposuere.ca,"P.O. Box 791, 6149 Ornare Ave",US
98,220,Powell,Linus,dolor.quam.elementum@amet.com,8925 Ligula. Rd.,US
99,221,Hale,Kato,Nullam.ut.nisi@erat.ca,562-4957 Elit St.,US
100,222,Lynn,Anthony,molestie@risusDonec.com,703 Lacus Street,EU
